"MA0101202210A0004063","팽성농산물센터","","G2","소매","G205","식료품 소매","G20506","채소/과일 소매업","G47215","채소, 과실 및 뿌리작물 소매업","41","경기도","41220","평택시","41220250","팽성읍","4122025039","팽성읍","4122025039100930001","1","대지",93,1,"경기도 평택시 팽성읍 석근리 93-1","412204364303","경기도 평택시 팽성읍 석근2길",36,,"4122025039100930001033303","","경기도 평택시 팽성읍 석근2길 36","451803","17997","","","",127.048075314551,36.9363358833176
"MA0101202210A0089792","역전할머니맥주평택궁리점","","I2","음식","I211","주점","I21103","생맥주 전문","I56213","생맥주 전문점","41","경기도","41220","평택시","41220330","고덕면","4122033026","고덕면","4122033026100720011","1","대지",72,11,"경기도 평택시 고덕면 궁리 72-11","412204364048","경기도 평택시 고덕면 궁2길",67,,"4122033026100720011024544","","경기도 평택시 고덕면 궁2길 67","451841","17821","","","",127.034380899067,37.0180392249224
"MA0101202210A0101847","지제역부동산마트공인중개사사무소","","L1","부동산","L102","부동산 서비스","L10203","부동산 중개/대리업","L68221","부동산 중개 및 대리업","41","경기도","41220","평택시","41220650","동삭동","4122011900","동삭동","4122011900103860023","1","대지",386,23,"경기도 평택시 동삭동 386-23","412203352859","경기도 평택시 지제동삭2로",181,24,"4122011900100000000000107","","경기도 평택시 지제동삭2로 181-24","450802","18029","","1","",127.09383173043,37.0168319607309
"MA0101202210A0050965","혜윰건축사사무소","","M1","과학·기술","M109","기술 서비스","M10901","건축 설계 및 관련 서비스업","M72111","건축 설계 및 관련 서비스업","41","경기도","41271","안산시 상록구","41271510","일동","4127110100","일동","4127110100106240012","1","대지",624,12,"경기도 안산시 상록구 일동 624-12","412714370402","경기도 안산시 상록구 웃말5길",9,1,"4127110100106240012004645","고요한정원","경기도 안산시 상록구 웃말5길 9-1","426860","15328","","","",126.8710457476,37.3061820682178
"MA0101202210A0067941","양촌리민물장어","","I2","음식","I201","한식","I20112","해산물 구이/찜","I56111","한식 일반 음식점업","41","경기도","41480","파주시","41480570","운정3동","4148010800","야당동","4148010800109200000","1","대지",920,,"경기도 파주시 야당동 920","414803012061","경기도 파주시 경의로",968,,"4148010800109200000000001","","경기도 파주시 경의로 968","413200","10906","","","",126.75974750388,37.703802057416
"MA0101202210A0067942","에프엠카페","","I2","음식","I212","비알코올 ","I21201","카페","I56221","커피 전문점","41","경기도","41190","부천시","41190742","신중동","4119010800","중동","4119010800111510004","1","대지",1151,4,"경기도 부천시 중동 1151-4","411904352519","경기도 부천시 중동로248번길",31,,"4119510800111510004045277","이스트타워투","경기도 부천시 중동로248번길 31","420852","14548","","","",126.770368950007,37.5017966224649
"MA0101202210A0072309","디자인올타","","M1","과학·기술","M112","전문 디자인","M11203","시각 디자인업","M73203","시각 디자인업","41","경기도","41133","성남시 중원구","41133570","상대원1동","4113310500","상대원동","4113310500154600000","1","대지",5460,,"경기도 성남시 중원구 상대원동 5460","411334337005","경기도 성남시 중원구 갈마치로288번길",14,,"4113310500101450001068043","성남SKV1TOWER","경기도 성남시 중원구 갈마치로288번길 14","462121","13201","","","",127.173841667101,37.4395025653859
"MA0101202210A0083536","좋아좋아메들리","","I2","음식","I211","주점","I21104","요리 주점","I56219","기타 주점업","41","경기도","41190","부천시","41190603","심곡동","4119010200","심곡동","4119010200103880011","1","대지",388,11,"경기도 부천시 심곡동 388-11","411904352309","경기도 부천시 신흥로16번길",59,,"4119510200103880011044094","","경기도 부천시 신흥로16번길 59","420827","14636","","1","",126.779807427315,37.4847297570515
"MA0101202210A0076234","비에이치씨충호회관점","","I2","음식","I210","기타 간이","I21006","치킨","I56193","치킨 전문점","41","경기도","41360","남양주시","41360250","와부읍","4136025024","와부읍","4136025024203190001","2","산",319,1,"경기도 남양주시 와부읍 월문리 산319-1","413604391472","경기도 남양주시 와부읍 석실로260번길",74,17,"4136025024203190001025405","","경기도 남양주시 와부읍 석실로260번길 74-17","472905","12203","","1","",127.225685603248,37.6029281387734
"MA0101202210A0058768","생곡메밀막국수","","I2","음식","I201","한식","I20105","국수/칼국수","I56112","한식 면 요리 전문점","41","경기도","41590","화성시","41590540","병점2동","4159011700","병점동","4159011700102080000","1","대지",208,,"경기도 화성시 병점동 208","415903177017","경기도 화성시 동탄지성로",222,,"4159011700102080000000001","","경기도 화성시 동탄지성로 222","445360","18421","","1","",127.053117764892,37.2138310524379
"MA010120220805430777","고매커피","","I2","음식","I212","비알코올 ","I21201","카페","I56221","커피 전문점","41","경기도","41463","용인시 기흥구","41463540","기흥동","4146310800","고매동","4146310800102450002","1","대지",245,2,"경기도 용인시 기흥구 고매동 245-2","414634412222","경기도 용인시 기흥구 원고매로2번길",85,2,"4146310800102450002019118","","경기도 용인시 기흥구 원고매로2번길 85-2","446901","17086","","1","",127.110759594647,37.2194952012085
"MA010120220805430785","꿈의부동산공인중개사사무소","","L1","부동산","L102","부동산 서비스","L10203","부동산 중개/대리업","L68221","부동산 중개 및 대리업","41","경기도","41271","안산시 상록구","41271540","본오1동","4127110400","본오동","4127110400108660017","1","대지",866,17,"경기도 안산시 상록구 본오동 866-17","412713190088","경기도 안산시 상록구 본원로",49,,"4127110400108660017023856","","경기도 안산시 상록구 본원로 49","426813","15551","","","",126.86400509048,37.292048954934
"MA010120220805430792","푸라닭성남동점","","I2","음식","I210","기타 간이","I21006","치킨","I56193","치킨 전문점","41","경기도","41133","성남시 중원구","41133510","성남동","4113310100","성남동","4113310100126160000","1","대지",2616,,"경기도 성남시 중원구 성남동 2616","411333179004","경기도 성남시 중원구 광명로",138,,"4113310100126160000042977","","경기도 성남시 중원구 광명로 138","462826","13360","","1","",127.143502503083,37.4372682123367
"MA010120220805430794","유니텍이엔씨","","M1","과학·기술","M109","기술 서비스","M10903","건물 및 토목 엔지니어링 서비스업","M72121","건물 및 토목 엔지니어링 서비스업","41","경기도","41450","하남시","41450520","신장1동","4145010600","신장동","4145010600104270372","1","대지",427,372,"경기도 하남시 신장동 427-372","414504406279","경기도 하남시 하남대로801번길",74,,"4145010600104270372004126","하이렉스오피스텔","경기도 하남시 하남대로801번길 74","465820","12957","","14","",127.205888652144,37.5379205928737
"MA010120220805430809","엘에스라인디스트리뷰션","","N1","시설관리·임대","N108","기타 사업 서비스","N10802","전시/컨벤션/행사 대행 서비스업","N75992","전시, 컨벤션 및 행사 대행업","41","경기도","41480","파주시","41480540","교하동","4148011500","문발동","4148011500105340004","1","대지",534,4,"경기도 파주시 문발동 534-4","414804418895","경기도 파주시 회동길",77,4,"4148025929105340004003166","","경기도 파주시 회동길 77-4","413070","10881","","","",126.687408575398,37.7063706157105
"MA010120220805430833","두메골민속주점","","I2","음식","I211","주점","I21104","요리 주점","I56219","기타 주점업","41","경기도","41171","안양시 만안구","41171510","안양1동","4117110100","안양동","4117110100106380004","1","대지",638,4,"경기도 안양시 만안구 안양동 638-4","411713182003","경기도 안양시 만안구 만안로",214,,"4117110100106380004007968","","경기도 안양시 만안구 만안로 214","430831","13992","","1","",126.923797919153,37.3998981601659
"MA010120220805430839","수지상현문고","","G2","소매","G213","오락용품 소매","G21301","서점","G47611","서적, 신문 및 잡지류 소매업","41","경기도","41465","용인시 수지구","41465580","상현2동","4146510700","상현동","4146510700102540009","1","대지",254,9,"경기도 용인시 수지구 상현동 254-9","414653205007","경기도 용인시 수지구 상현로",114,,"4146510700102540009026629","나래빌딩","경기도 용인시 수지구 상현로 114","448132","16930","","","",127.08433492563,37.3072046102875
"MA010120220805430984","가원건축사사무소","","M1","과학·기술","M109","기술 서비스","M10901","건축 설계 및 관련 서비스업","M72111","건축 설계 및 관련 서비스업","41","경기도","41220","평택시","41220520","서정동","4122010100","서정동","4122010100107950001","1","대지",795,1,"경기도 평택시 서정동 795-1","412202012013","경기도 평택시 경기대로",1387,,"4122010100107950001006268","승원빌딩","경기도 평택시 경기대로 1387","459813","17773","","3","",127.063850359918,37.0689726704588
"MA010120220805430917","슈퍼핑스포츠&치어리딩","","P1","교육","P106","기타 교육","P10603","요가/필라테스 학원","P85612","기타 스포츠 교육기관","41","경기도","41590","화성시","41590600","동탄6동","4159012900","오산동","4159012900109950001","1","대지",995,1,"경기도 화성시 오산동 995-1","415904852407","경기도 화성시 동탄기흥로353번길",100,,"4159012900108550001000001","","경기도 화성시 동탄기흥로353번길 100","445150","18480","","","",127.085586449715,37.1878550330053
"MA010120220805430928","서문","","I2","음식","I210","기타 간이","I21006","치킨","I56193","치킨 전문점","41","경기도","41480","파주시","41480570","운정3동","4148010800","야당동","4148010800101780054","1","대지",178,54,"경기도 파주시 야당동 178-54","414804418469","경기도 파주시 송학2길",6,29,"4148025922101780054037851","","경기도 파주시 송학2길 6-29","413837","10909","","1","",126.762729409281,37.7092934689437
"MA010120220805431008","리트머스","","G2","소매","G209","섬유·의복·신발 소매","G20905","기타 의류 소매업","G47414","셔츠 및 블라우스 소매업","41","경기도","41500","이천시","41500510","창전동","4150010100","창전동","4150010100101520005","1","대지",152,5,"경기도 이천시 창전동 152-5","415003207041","경기도 이천시 영창로",165,,"4150010100101520022009511","엔씨백화점","경기도 이천시 영창로 165","467804","17365","","4","",127.441074500444,37.2819162532939
"MA010120220805431018","스테이라운지","","I2","음식","I211","주점","I21104","요리 주점","I56219","기타 주점업","41","경기도","41220","평택시","41220250","팽성읍","4122025041","팽성읍","4122025041101120010","1","대지",112,10,"경기도 평택시 팽성읍 안정리 112-10","412203188057","경기도 평택시 팽성읍 안정쇼핑로",25,1,"4122025041101120006035516","","경기도 평택시 팽성읍 안정쇼핑로 25-1","451807","17982","","1","",127.045304260901,36.9604911832197
"MA010120220805431042","윈저","","I2","음식","I211","주점","I21101","일반 유흥 주점","I56211","일반 유흥 주점업","41","경기도","41210","광명시","41210633","하안3동","4121010300","하안동","4121010300100360004","1","대지",36,4,"경기도 광명시 하안동 36-4","412103000027","경기도 광명시 범안로",1050,,"4121010300100360004012320","","경기도 광명시 범안로 1050","423848","14305","","3","",126.879725588646,37.4621751206199
"MA010120220805431047","오마이블라디","","N1","시설관리·임대","N105","여행사·보조","N10501","여행사","N75210","여행사업","41","경기도","41150","의정부시","41150580","자금동","4115010900","금오동","4115010900104730001","1","대지",473,1,"경기도 의정부시 금오동 473-1","411503181047","경기도 의정부시 청사로",45,,"4115010900104730001019567","플래티넘프라자","경기도 의정부시 청사로 45","480865","11757","","7","",127.069595428376,37.7522640417322
"MA010120220805431052","아이키친","","I2","음식","I212","비알코올 ","I21201","카페","I56229","기타 비알코올 음료점업","41","경기도","41131","성남시 수정구","41131625","위례동","4113110800","창곡동","4113110800105090000","1","대지",509,,"경기도 성남시 수정구 창곡동 509","411313000238","경기도 성남시 수정구 위례광장로",300,,"4113110800104980021000001","창곡동509번지","경기도 성남시 수정구 위례광장로 300","461210","13640","","2","",127.142682595008,37.4734672267724
"MA010120220805431059","신세계빈대떡","","I2","음식","I201","한식","I20104","전/부침개","I56111","한식 일반 음식점업","41","경기도","41465","용인시 수지구","41465550","죽전2동","4146510200","죽전동","4146510200110030120","1","대지",1003,120,"경기도 용인시 수지구 죽전동 1003-120","414652012014","경기도 용인시 수지구 포은대로",537,,"4146510200110030120028141","하이카프라자","경기도 용인시 수지구 포은대로 537","448162","16869","","","",127.108127513484,37.3261649777941
"MA010120220805430995","윤서엔지니어링","","M1","과학·기술","M109","기술 서비스","M10903","건물 및 토목 엔지니어링 서비스업","M72121","건물 및 토목 엔지니어링 서비스업","41","경기도","41173","안양시 동안구","41173560","관양2동","4117310200","관양동","4117310200109540001","1","대지",954,1,"경기도 안양시 동안구 관양동 954-1","411734349232","경기도 안양시 동안구 흥안대로427번길",16,,"4117310200109540001000001","평촌디지털엠파이어","경기도 안양시 동안구 흥안대로427번길 16","431804","14059","","","",126.973756938248,37.3929986456574
"MA010120220805431102","베스킨라빈스용인연원","","I2","음식","I210","기타 간이","I21008","아이스크림/빙수","I56194","김밥 및 기타 간이 음식점업","41","경기도","41463","용인시 기흥구","41463570","마북동","4146311300","마북동","4146311300105240008","1","대지",524,8,"경기도 용인시 기흥구 마북동 524-8","414634412202","경기도 용인시 기흥구 연원로42번길",2,,"4146311300105240008023402","블루밍구성더센트럴","경기도 용인시 기흥구 연원로42번길 2","446938","16909","","1","",127.111364133025,37.3004362215769
"MA010120220805431108","에스비에스노래연습장","","R1","예술·스포츠","R104","유원지·오락","R10407","노래방","R91223","노래 연습장 운영업","41","경기도","41285","고양시 일산동구","41285530","정발산동","4128510300","정발산동","4128510300111350005","1","대지",1135,5,"경기도 고양시 일산동구 정발산동 1135-5","412854379115","경기도 고양시 일산동구 산두로273번길",31,,"4128510300111350005011900","","경기도 고양시 일산동구 산두로273번길 31","410828","10357","","지","",126.777552274426,37.6740655496999
"MA010120220805431133","브릭레인","","G2","소매","G209","섬유·의복·신발 소매","G20905","기타 의류 소매업","G47414","셔츠 및 블라우스 소매업","41","경기도","41115","수원시 팔달구","41115660","매산동","4111513400","매산로1가","4111513400100180000","1","대지",18,,"경기도 수원시 팔달구 매산로1가 18","411153012001","경기도 수원시 팔달구 덕영대로",924,,"4111513400100180000005527","AK플라자","경기도 수원시 팔달구 덕영대로 924","442784","16622","","4","",127.000088139556,37.2656675906019
"MA010120220805431146","거문도","","I2","음식","I201","한식","I20101","백반/한정식","I56111","한식 일반 음식점업","41","경기도","41173","안양시 동안구","41173560","관양2동","4117310200","관양동","4117310200114960022","1","대지",1496,22,"경기도 안양시 동안구 관양동 1496-22","411734349242","경기도 안양시 동안구 흥안대로517번길",31,,"4117310200114960022007766","","경기도 안양시 동안구 흥안대로517번길 31","431846","13951","","1","",126.974746973633,37.3999094033222
"MA010120220805431170","코끼리를삼킨보아","","M1","과학·기술","M105","광고","M10501","광고 대행업","M71310","광고 대행업","41","경기도","41500","이천시","41500515","증포동","4150010800","갈산동","4150010800107150020","1","대지",715,20,"경기도 이천시 갈산동 715-20","415004421537","경기도 이천시 영창로314번길",34,,"4150010800107150020000001","","경기도 이천시 영창로314번길 34","467110","17361","","4","",127.459239644852,37.2806669811832
"MA010120220805431181","지디알골프아카데미(HGA)","","R1","예술·스포츠","R103","스포츠 서비스","R10311","골프 연습장","R91136","골프 연습장 운영업","41","경기도","41463","용인시 기흥구","41463516","영덕1동","4146311100","영덕동","4146311100109740007","1","대지",974,7,"경기도 용인시 기흥구 영덕동 974-7","414633204070","경기도 용인시 기흥구 흥덕2로",115,,"4146311100109740007021385","미래도프라자","경기도 용인시 기흥구 흥덕2로 115","446908","16953","","","",127.073786615657,37.277837129611
"MA010120220805431182","달사냥노래광장","","I2","음식","I211","주점","I21101","일반 유흥 주점","I56211","일반 유흥 주점업","41","경기도","41430","의왕시","41430510","고천동","4143010100","고천동","4143010100102760008","1","대지",276,8,"경기도 의왕시 고천동 276-8","414303201027","경기도 의왕시 왕곡로",3,,"4143010100102760008007279","대림빌딩","경기도 의왕시 왕곡로 3","437801","16063","","","",126.975170427487,37.3472185047977
"MA010120220805431187","전국택시복지정비센터","","S2","수리·개인","S203","자동차 수리·세차","S20301","자동차 정비소","S95211","자동차 종합 수리업","41","경기도","41610","광주시","41610540","쌍령동","4161010200","쌍령동","4161010200104090021","1","대지",409,21,"경기도 광주시 쌍령동 409-21","416102012002","경기도 광주시 경충대로",1407,5,"4161010200104090021000001","","경기도 광주시 경충대로 1407-5","464130","12791","","","",127.275451301805,37.3955114529369
"MA010120220805431262","서희베스트부동산중개사무소","","L1","부동산","L102","부동산 서비스","L10203","부동산 중개/대리업","L68221","부동산 중개 및 대리업","41","경기도","41113","수원시 권선구","41113550","평동","4111312900","오목천동","4111312900103270006","1","대지",327,6,"경기도 수원시 권선구 오목천동 327-6","411134853976","경기도 수원시 권선구 온정로9번길",33,,"4111312900103270006000001","","경기도 수원시 권선구 온정로9번길 33","441849","16631","","","",126.963617298351,37.2466113397033
"MA010120220805431288","신신안슈퍼","","G2","소매","G204","종합 소매","G20404","슈퍼마켓","G47129","기타 음ㆍ식료품 위주 종합 소매업","41","경기도","41273","안산시 단원구","41273545","원곡동","4127310800","원곡동","4127310800108060005","1","대지",806,5,"경기도 안산시 단원구 원곡동 806-5","412733191056","경기도 안산시 단원구 원곡1로",19,,"4127310800108060005017753","","경기도 안산시 단원구 원곡1로 19","425846","15392","","","",126.793626909026,37.3282060638618
"MA010120220805431289","킴스김밥","","I2","음식","I210","기타 간이","I21007","김밥/만두/분식","I56194","김밥 및 기타 간이 음식점업","41","경기도","41461","용인시 처인구","41461360","양지면","4146136021","양지면","4146136021105680005","1","대지",568,5,"경기도 용인시 처인구 양지면 양지리 568-5","414613203161","경기도 용인시 처인구 양지면 양지로",126,,"4146136021105680017000001","현대파크","경기도 용인시 처인구 양지면 양지로 126","449825","17158","","","",127.282473905564,37.2343207514909
"MA010120220805431312","씨엔비","","I2","음식","I211","주점","I21104","요리 주점","I56219","기타 주점업","41","경기도","41463","용인시 기흥구","41463570","마북동","4146311300","마북동","4146311300100730003","1","대지",73,3,"경기도 용인시 기흥구 마북동 73-3","414633204029","경기도 용인시 기흥구 마북로",244,3,"4146311300100730003000001","","경기도 용인시 기흥구 마북로 244-3","446505","16891","","1","",127.131550046032,37.3086958837639
"MA010120220805431317","황궁노래광장","","I2","음식","I211","주점","I21101","일반 유흥 주점","I56211","일반 유흥 주점업","41","경기도","41273","안산시 단원구","41273535","호수동","4127310100","고잔동","4127310100107090004","1","대지",709,4,"경기도 안산시 단원구 고잔동 709-4","412733191003","경기도 안산시 단원구 광덕2로",163,5,"4127310100107090004042426","황금프라자","경기도 안산시 단원구 광덕2로 163-5","425807","15471","","","",126.828397602361,37.3103719775164
"MA010120220805431455","블랙야크안양인덕원점","","G2","소매","G213","오락용품 소매","G21304","운동용품 소매업","G47631","운동 및 경기용품 소매업","41","경기도","41173","안양시 동안구","41173570","평촌동","4117310300","평촌동","4117310300100800001","1","대지",80,1,"경기도 안양시 동안구 평촌동 80-1","411732000018","경기도 안양시 동안구 흥안대로",467,,"4117310300100800001013310","","경기도 안양시 동안구 흥안대로 467","431070","14058","","1","",126.97569087882,37.3961150843263
"MA010120220805431244","더행복한밥상","","I2","음식","I201","한식","I20101","백반/한정식","I56111","한식 일반 음식점업","41","경기도","41131","성남시 수정구","41131510","신흥1동","4113110100","신흥동","4113110100155590000","1","대지",5559,,"경기도 성남시 수정구 신흥동 5559","411314334440","경기도 성남시 수정구 시민로175번길",37,1,"4113110100155590000071349","","경기도 성남시 수정구 시민로175번길 37-1","461864","13338","","1","",127.138686543487,37.442378333809
"MA010120220805431348","월드할인마트","","G2","소매","G204","종합 소매","G20404","슈퍼마켓","G47129","기타 음ㆍ식료품 위주 종합 소매업","41","경기도","41115","수원시 팔달구","41115680","화서1동","4111513800","화서동","4111513800100710069","1","대지",71,69,"경기도 수원시 팔달구 화서동 71-69","411154328361","경기도 수원시 팔달구 팔달로130번길",8,,"4111513800100710069054566","","경기도 수원시 팔달구 팔달로130번길 8","442858","16440","","1","",127.004841383525,37.2797195459603
"MA010120220805431360","금월집만두","","I2","음식","I210","기타 간이","I21007","김밥/만두/분식","I56194","김밥 및 기타 간이 음식점업","41","경기도","41281","고양시 덕양구","41281610","능곡동","4128112000","토당동","4128112000103350089","1","대지",335,89,"경기도 고양시 덕양구 토당동 335-89","412813192066","경기도 고양시 덕양구 토당로",87,,"4128112000103350089012549","","경기도 고양시 덕양구 토당로 87","412818","10509","","","",126.818037160622,37.6229851353658
"MA010120220805431372","포토이즘박스민락지점","","M1","과학·기술","M113","사진 촬영","M11301","사진촬영업","M73301","인물 사진 및 행사용 영상 촬영업","41","경기도","41150","의정부시","41150578","송산3동","4115010600","민락동","4115010600108080004","1","대지",808,4,"경기도 의정부시 민락동 808-4","411504343540","경기도 의정부시 오목로225번길",147,,"4115010600108080004000001","폴리프라자Ⅱ","경기도 의정부시 오목로225번길 147","480090","11813","","1","",127.095701012185,37.7452950962512
"MA010120220805431377","투유플라워케이크","","I2","음식","I210","기타 간이","I21001","빵/도넛","I56191","제과점업","41","경기도","41610","광주시","41610520","송정동","4161010300","송정동","4161010300105920004","1","대지",592,4,"경기도 광주시 송정동 592-4","416103211038","경기도 광주시 중앙로",171,1,"4161010100101030002007718","","경기도 광주시 중앙로 171-1","464903","12744","","","",127.256714067408,37.4149937215589
"MA010120220805431688","이룸공인중개사사무소","","L1","부동산","L102","부동산 서비스","L10203","부동산 중개/대리업","L68221","부동산 중개 및 대리업","41","경기도","41461","용인시 처인구","41461360","양지면","4146136022","양지면","4146136022101330006","1","대지",133,6,"경기도 용인시 처인구 양지면 남곡리 133-6","414613203023","경기도 용인시 처인구 양지면 남평로",6,,"4146136022101330006000001","","경기도 용인시 처인구 양지면 남평로 6","449825","17161","","","",127.285703766076,37.2324209100076
"MA010120220805431538","카페예이","","I2","음식","I212","비알코올 ","I21201","카페","I56221","커피 전문점","41","경기도","41461","용인시 처인구","41461253","모현읍","4146125321","모현읍","4146125321104630005","1","대지",463,5,"경기도 용인시 처인구 모현읍 왕산리 463-5","414614409364","경기도 용인시 처인구 모현읍 백옥대로2332번길",17,,"4146131021104630005000001","","경기도 용인시 처인구 모현읍 백옥대로2332번길 17","449854","17035","","1","",127.248944457604,37.3320535637061
"MA010120220805431568","비쥬","","G2","소매","G217","시계·귀금속 소매","G21701","시계/귀금속 소매업","G47830","시계 및 귀금속 소매업","41","경기도","41173","안양시 동안구","41173540","부흥동","4117310100","비산동","4117310100111070001","1","대지",1107,1,"경기도 안양시 동안구 비산동 1107-1","411732182002","경기도 안양시 동안구 시민대로",167,,"4117310100111070001005174","안양벤처텔","경기도 안양시 동안구 시민대로 167","431817","14048","","","",126.949608485433,37.3907952425663
"MA010120220805431569","박치기당구클럽","","R1","예술·스포츠","R103","스포츠 서비스","R10310","당구장","R91135","당구장 운영업","41","경기도","41273","안산시 단원구","41273570","초지동","4127310500","원시동","4127310500107300001","1","대지",730,1,"경기도 안산시 단원구 원시동 730-1","412733012031","경기도 안산시 단원구 산단로",123,,"4127310500107300001000001","JS테크노타워지식산업센터","경기도 안산시 단원구 산단로 123","425851","15430","","","",126.787340864869,37.3065072823303
"MA010120220805431515","려","","G2","소매","G215","의약·화장품 소매","G21503","화장품 소매업","G47813","화장품, 비누 및 방향제 소매업","41","경기도","41570","김포시","41570525","장기본동","4157010400","장기동","4157010400118680008","1","대지",1868,8,"경기도 김포시 장기동 1868-8","415703209024","경기도 김포시 김포한강4로",176,,"4157010400118680008000001","","경기도 김포시 김포한강4로 176","415060","10082","","","",126.662911162286,37.647737632335
"MA010120220805431720","이든펜션","","I1","숙박","I101","일반 숙박","I10103","펜션","I55109","기타 일반 및 생활 숙박시설 운영업","41","경기도","41820","가평군","41820350","북면","4182035025","북면","4182035025105530017","1","대지",553,17,"경기도 가평군 북면 적목리 553-17","418203000142","경기도 가평군 북면 가화로",3169,46,"4182035025105530017000001","","경기도 가평군 북면 가화로 3169-46","477841","12400","","","",127.437346218818,37.9950486450099
"MA010120220805431604","철구PC부천","","R1","예술·스포츠","R104","유원지·오락","R10406","PC방","R91222","컴퓨터 게임방 운영업","41","경기도","41190","부천시","41190744","상동","4119010900","상동","4119010900105440009","1","대지",544,9,"경기도 부천시 상동 544-9","411903184004","경기도 부천시 상동로",79,,"4119510900105440009033187","부천상동수석프라자","경기도 부천시 상동로 79","420864","14544","","","",126.752345777878,37.5042566614664
"MA010120220805431605","위드비PC","","R1","예술·스포츠","R104","유원지·오락","R10406","PC방","R91222","컴퓨터 게임방 운영업","41","경기도","41133","성남시 중원구","41133540","금광2동","4113310300","금광동","4113310300143560000","1","대지",4356,,"경기도 성남시 중원구 금광동 4356","411334337215","경기도 성남시 중원구 산성대로372번길",11,,"4113310300143560000005915","","경기도 성남시 중원구 산성대로372번길 11","462805","13179","","2","",127.158364518579,37.4451422129985
"MA010120220805431631","펀비어킹홈딜리버리성남","","I2","음식","I211","주점","I21103","생맥주 전문","I56111","한식 일반 음식점업","41","경기도","41133","성남시 중원구","41133525","중앙동","4113313200","중앙동","4113313200103480000","1","대지",348,,"경기도 성남시 중원구 중앙동 348","411332179002","경기도 성남시 중원구 산성대로",328,2,"4113310200103480000057706","","경기도 성남시 중원구 산성대로 328-2","462835","13248","","1","",127.152912012432,37.4425982815495
"MA010120220805431641","주원패션","","G2","소매","G209","섬유·의복·신발 소매","G20902","여성 의류 소매업","G47412","여자용 겉옷 소매업","41","경기도","41133","성남시 중원구","41133510","성남동","4113310100","성남동","4113310100149310000","1","대지",4931,,"경기도 성남시 중원구 성남동 4931","411332179001","경기도 성남시 중원구 둔촌대로",68,,"4113310100149310000000001","모란공영주차장","경기도 성남시 중원구 둔촌대로 68","462829","13383","","","",127.1266443898,37.429332563936
"MA010120220805431652","온종합관리","","N1","시설관리·임대","N102","청소·방제","N10201","건축물 일반 청소업","N74211","건축물 일반 청소업","41","경기도","41390","시흥시","41390581","군자동","4139012700","거모동","4139012700105890009","1","대지",589,9,"경기도 시흥시 거모동 589-9","413903199048","경기도 시흥시 죽율로",213,,"4139012700105890009008504","","경기도 시흥시 죽율로 213","429803","15044","","","",126.772642341859,37.3571574761028
"MA010120220805431662","엔주네일","","S2","수리·개인","S207","이용·미용","S20703","네일숍","S96119","기타 미용업","41","경기도","41287","고양시 일산서구","41287570","대화동","4128710400","대화동","4128710400122230000","1","대지",2223,,"경기도 고양시 일산서구 대화동 2223","412873192094","경기도 고양시 일산서구 중앙로",1557,,"4128710400122230000001128","삼운트루아오피스텔","경기도 고양시 일산서구 중앙로 1557","411805","10381","","2","",126.748638478259,37.6752039109965
"MA010120220805431676","건축사사무소성주","","M1","과학·기술","M109","기술 서비스","M10901","건축 설계 및 관련 서비스업","M72111","건축 설계 및 관련 서비스업","41","경기도","41360","남양주시","41360253","진접읍","4136025321","진접읍","4136025321100680019","1","대지",68,19,"경기도 남양주시 진접읍 장현리 68-19","413603000121","경기도 남양주시 진접읍 금강로",1509,10,"4136025321100680019025618","","경기도 남양주시 진접읍 금강로 1509-10","472865","12009","","2","",127.191487600227,37.7258350258068
"MA010120220805431787","하얼빈","","S2","수리·개인","S208","욕탕·신체관리","S20802","마사지/안마","S96122","마사지업","41","경기도","41135","성남시 분당구","41135665","구미1동","4113511400","구미동","4113511400100070002","1","대지",7,2,"경기도 성남시 분당구 구미동 7-2","411353180007","경기도 성남시 분당구 돌마로",46,,"4113511400100070002000001","","경기도 성남시 분당구 돌마로 46","463808","13630","","3","",127.106980275241,37.3496836408966
"MA010120220805431788","꼬뜨블렁쉬","","I2","음식","I212","비알코올 ","I21201","카페","I56221","커피 전문점","41","경기도","41281","고양시 덕양구","41281530","흥도동","4128110400","원흥동","4128110400106300000","1","대지",630,,"경기도 고양시 덕양구 원흥동 630","412813194062","경기도 고양시 덕양구 원흥5로",25,,"4128110400106300000000003","삼송원흥역센트럴푸르지오","경기도 고양시 덕양구 원흥5로 25","412040","10564","","","",126.876624994481,37.6486149486124
"MA010120220805431790","식판히어로","","N1","시설관리·임대","N102","청소·방제","N10202","산업설비, 운송장비 및 공공장소 청소업","N74212","산업설비, 운송장비 및 공공장소 청소업","41","경기도","41590","화성시","41590560","기배동","4159012400","기안동","4159012400101700000","1","대지",170,,"경기도 화성시 기안동 170","415904430166","경기도 화성시 기배로109번길",3,8,"4159012400101700000000001","","경기도 화성시 기배로109번길 3-8","445310","18339","","","",126.985649720537,37.2266807661815
"MA010120220805431937","컴포즈커피하남감일백제로점","","I2","음식","I212","비알코올 ","I21201","카페","I56221","커피 전문점","41","경기도","41450","하남시","41450582","감일동","4145011500","감이동","4145011500105250001","1","대지",525,1,"경기도 하남시 감이동 525-1","414503352270","경기도 하남시 감일백제로",105,,"4145011500100000000000010","신성메디타워","경기도 하남시 감일백제로 105","465190","13004","","1","",127.161214263875,37.5046689589196
"MA010120220805431939","착한숯불통바베큐","","I2","음식","I201","한식","I20107","돼지고기 구이/찜","I56111","한식 일반 음식점업","41","경기도","41590","화성시","41590253","봉담읍","4159025328","봉담읍","4159025328102580000","1","대지",258,,"경기도 화성시 봉담읍 왕림리 258","415904430298","경기도 화성시 봉담읍 독정길",24,2,"4159025328102580000033829","","경기도 화성시 봉담읍 독정길 24-2","445906","18332","","1","",126.93698848878,37.1948149234434
"MA010120220805431834","행복식당","","I2","음식","I201","한식","I20101","백반/한정식","I56111","한식 일반 음식점업","41","경기도","41220","평택시","41220630","비전2동","4122011800","비전동","4122011800108890000","1","대지",889,,"경기도 평택시 비전동 889","412203188084","경기도 평택시 중앙로",335,,"4122011800108890000019373","벽산아파트","경기도 평택시 중앙로 335","450731","17873","","","",127.119278847924,36.9920350567472
"MA010120220805431858","퀸스토리","","S2","수리·개인","S206","기타 가정용품 수리","S20601","의류/이불 수선업","S95391","의복 및 기타 가정용 직물제품 수리업","41","경기도","41390","시흥시","41390631","장곡동","4139013000","장곡동","4139013000108230006","1","대지",823,6,"경기도 시흥시 장곡동 823-6","413903199072","경기도 시흥시 장곡로",17,,"4139013000108230007011744","에이스프라자","경기도 시흥시 장곡로 17","429842","15002","","","",126.786805951163,37.3790550759276
"MA010120220805431881","블루클럽","","S2","수리·개인","S207","이용·미용","S20701","미용실","S96112","두발 미용업","41","경기도","41480","파주시","41480570","운정3동","4148010800","야당동","4148010800110660002","1","대지",1066,2,"경기도 파주시 야당동 1066-2","414803012061","경기도 파주시 경의로",1068,,"4148010800110660002000001","삼융프라자","경기도 파주시 경의로 1068","413200","10908","","","",126.759646617509,37.7125767660621
"MA010120220805431882","디카프워크룸","","I2","음식","I212","비알코올 ","I21201","카페","I56221","커피 전문점","41","경기도","41480","파주시","41480540","교하동","4148011500","문발동","4148011500106060011","1","대지",606,11,"경기도 파주시 문발동 606-11","414804418096","경기도 파주시 꽃아마길",41,,"4148025929106060011002684","","경기도 파주시 꽃아마길 41","413070","10884","","1","",126.707926511789,37.7192652917342
"MA010120220805431892","바디","","S2","수리·개인","S208","욕탕·신체관리","S20803","체형/비만 관리","S96129","체형 등 기타 신체 관리 서비스업","41","경기도","41190","부천시","41190603","심곡동","4119010200","심곡동","4119010200101100017","1","대지",110,17,"경기도 부천시 심곡동 110-17","411904352222","경기도 부천시 부흥로373번길",36,1,"4119510200101100017004708","","경기도 부천시 부흥로373번길 36-1","420820","14577","","","",126.784152408179,37.4929109218172
"MA010120220805431897","프렌즈","","R1","예술·스포츠","R103","스포츠 서비스","R10311","골프 연습장","R91136","골프 연습장 운영업","41","경기도","41360","남양주시","41360253","진접읍","4136025328","진접읍","4136025328110590004","1","대지",1059,4,"경기도 남양주시 진접읍 금곡리 1059-4","413604391796","경기도 남양주시 진접읍 해밀예당2로145번길",3,9,"4136025328110590004000001","","경기도 남양주시 진접읍 해밀예당2로145번길 3-9","472861","12060","","4","",127.203683003798,37.7183583703567
"MA010120220805431999","별달모바일","","G2","소매","G208","가전·통신 소매","G20802","핸드폰 소매업","G47312","통신기기 소매업","41","경기도","41133","성남시 중원구","41133580","상대원2동","4113310500","상대원동","4113310500141250000","1","대지",4125,,"경기도 성남시 중원구 상대원동 4125","411333179026","경기도 성남시 중원구 희망로",347,,"4113310500141250000049217","","경기도 성남시 중원구 희망로 347","462817","13399","","1","",127.157936778609,37.4369213874831
"MA010120220805432011","포레,쉼과요가","","P1","교육","P106","기타 교육","P10603","요가/필라테스 학원","P85612","기타 스포츠 교육기관","41","경기도","41135","성남시 분당구","41135662","금곡동","4113511100","금곡동","4113511100101610000","1","대지",161,,"경기도 성남시 분당구 금곡동 161","411352000005","경기도 성남시 분당구 성남대로",165,,"4113511100101610000040003","천사의도시1오피스텔","경기도 성남시 분당구 성남대로 165","463805","13615","","","",127.108299453743,37.3507568696223
"MA010120220805432012","1인용피자안성만세점","","I2","음식","I210","기타 간이","I21003","피자","I56192","피자, 햄버거, 샌드위치 및 유사 음식점업","41","경기도","41550","안성시","41550380","원곡면","4155038026","원곡면","4155038026102290068","1","대지",229,68,"경기도 안성시 원곡면 외가천리 229-68","415503012021","경기도 안성시 원곡면 만세로",1413,,"4155038026102290068000001","","경기도 안성시 원곡면 만세로 1413","456811","17556","","","",127.129531121566,37.0367528757072
"MA010120220805432096","옷장","","G2","소매","G209","섬유·의복·신발 소매","G20902","여성 의류 소매업","G47412","여자용 겉옷 소매업","41","경기도","41480","파주시","41480510","금촌1동","4148010100","금촌동","4148010100107640015","1","대지",764,15,"경기도 파주시 금촌동 764-15","414804418071","경기도 파주시 금정12길",19,,"4148010100107640015030840","","경기도 파주시 금정12길 19","413011","10929","","1","",126.775962880998,37.7596894184975
"MA010120220805432112","아너시티지상6층H611","","M1","과학·기술","M107","본사·경영 컨설팅","M10703","경영 컨설팅업","M71531","경영 컨설팅업","41","경기도","41310","구리시","41310510","갈매동","4131010100","갈매동","4131010100105520006","1","대지",552,6,"경기도 구리시 갈매동 552-6","413104857375","경기도 구리시 갈매순환로166번길",45,,"4131010100105520006000001","구리갈매아너시티","경기도 구리시 갈매순환로166번길 45","471859","11901","","","",127.122974870965,37.6349174541697
"MA010120220805432121","통나무집","","I2","음식","I212","비알코올 ","I21201","카페","I56229","기타 비알코올 음료점업","41","경기도","41113","수원시 권선구","41113550","평동","4111312800","고색동","4111312800101050011","1","대지",105,11,"경기도 수원시 권선구 고색동 105-11","411134325053","경기도 수원시 권선구 고색로78번길",25,,"4111312800101050011035578","","경기도 수원시 권선구 고색로78번길 25","441805","16649","","1","",126.985944392311,37.2501116510543
"MA010120220805432140","제이앤씨스팀카케어","","S2","수리·개인","S203","자동차 수리·세차","S20302","자동차 세차장","S95213","자동차 세차업","41","경기도","41285","고양시 일산동구","41285552","백석2동","4128510600","백석동","4128510600114310006","1","대지",1431,6,"경기도 고양시 일산동구 백석동 1431-6","412854379214","경기도 고양시 일산동구 호수로430번길",8,16,"4128510600114310006004373","","경기도 고양시 일산동구 호수로430번길 8-16","410817","10424","","1","",126.780253025955,37.6427202698208
"MA010120220805432143","씨유오산시티","","G2","소매","G204","종합 소매","G20405","편의점","G47122","체인화 편의점","41","경기도","41370","오산시","41370510","중앙동","4137010200","부산동","4137010200108150000","1","대지",815,,"경기도 오산시 부산동 815","413703351514","경기도 오산시 부산중앙로",42,,"4137010200106980000000001","오산시티자이2차","경기도 오산시 부산중앙로 42","447050","18148","","1","",127.092556562521,37.1522066984753
"MA010120220805432208","세가지소원의원","","Q1","보건의료","Q102","의원","Q10204","피부/비뇨기과 의원","Q86201","일반의원","41","경기도","41135","성남시 분당구","41135680","운중동","4113511500","운중동","4113511500109440000","1","대지",944,,"경기도 성남시 분당구 운중동 944","411353180046","경기도 성남시 분당구 운중로",128,,"4113511500109440000000001","마크시티그린","경기도 성남시 분당구 운중로 128","463440","13466","","","",127.07733886943,37.3913022113164
"MA010120220805432209","주은뷰티","","S2","수리·개인","S207","이용·미용","S20702","피부 관리실","S96113","피부 미용업","41","경기도","41287","고양시 일산서구","41287560","주엽2동","4128710200","주엽동","4128710200100180002","1","대지",18,2,"경기도 고양시 일산서구 주엽동 18-2","412873192094","경기도 고양시 일산서구 중앙로",1456,,"4128710200100180002002073","서현프라자","경기도 고양시 일산서구 중앙로 1456","411838","10387","","4","",126.758958342147,37.6715467476635
"MA010120220805432256","포차&닭발","","I2","음식","I201","한식","I20101","백반/한정식","I56111","한식 일반 음식점업","41","경기도","41220","평택시","41220560","송북동","4122011000","지산동","4122011000107490002","1","대지",749,2,"경기도 평택시 지산동 749-2","412204364737","경기도 평택시 지산로37번길",75,,"4122011000107490002007952","","경기도 평택시 지산로37번길 75","459110","17756","","1","",127.059357088691,37.082237660649
"MA010120220805432266","북극해고등어용인신봉점","","I2","음식","I201","한식","I20112","해산물 구이/찜","I56114","한식 해산물 요리 전문점","41","경기도","41465","용인시 수지구","41465530","신봉동","4146510500","신봉동","4146510500105800001","1","대지",580,1,"경기도 용인시 수지구 신봉동 580-1","414654415099","경기도 용인시 수지구 신봉1로330번길",10,,"4146510500105800001027783","석호정","경기도 용인시 수지구 신봉1로330번길 10","448836","16803","","2","",127.054176505646,37.3337296031608
"MA010120220805432286","우가온","","I2","음식","I201","한식","I20101","백반/한정식","I56111","한식 일반 음식점업","41","경기도","41220","평택시","41220620","비전1동","4122011800","비전동","4122011800110640002","1","대지",1064,2,"경기도 평택시 비전동 1064-2","412204838186","경기도 평택시 비전9길",2,40,"4122011800110640002000001","","경기도 평택시 비전9길 2-40","450151","17855","","","",127.111950439637,37.0020281232256
"MA010120220805432411","한국도로기술","","M1","과학·기술","M109","기술 서비스","M10903","건물 및 토목 엔지니어링 서비스업","M72121","건물 및 토목 엔지니어링 서비스업","41","경기도","41590","화성시","41590590","동탄5동","4159013100","영천동","4159013100101930002","1","대지",193,2,"경기도 화성시 영천동 193-2","415903350556","경기도 화성시 동탄첨단산업1로",51,9,"4159013100101930002000001","","경기도 화성시 동탄첨단산업1로 51-9","445130","18469","","","",127.089957092108,37.214074762345
"MA010120220805432361","라땅쟈마라탕","","I2","음식","I202","중식","I20202","마라탕/훠궈","I56121","중식 음식점업","41","경기도","41390","시흥시","41390589","정왕본동","4139013200","정왕동","4139013200115260009","1","대지",1526,9,"경기도 시흥시 정왕동 1526-9","413903199052","경기도 시흥시 큰솔로",76,1,"4139013200115260009018171","","경기도 시흥시 큰솔로 76-1","429455","15051","","1","",126.755176800214,37.3436843881091
"MA010120220805432386","맛마루","","I2","음식","I210","기타 간이","I21006","치킨","I56193","치킨 전문점","41","경기도","41220","평택시","41220320","서탄면","4122032021","서탄면","4122032021105970003","1","대지",597,3,"경기도 평택시 서탄면 금암리 597-3","412203188033","경기도 평택시 서탄면 서탄로",292,1,"4122032021105970003000001","","경기도 평택시 서탄면 서탄로 292-1","451852","17704","","","",127.033070713937,37.108924564473
"MA010120220805434089","세라맘","","P1","교육","P106","기타 교육","P10613","기타 예술/스포츠 교육기관","P85629","기타 예술학원","41","경기도","41281","고양시 덕양구","41281621","화정1동","4128112300","화정동","4128112300108840013","1","대지",884,13,"경기도 고양시 덕양구 화정동 884-13","412814376196","경기도 고양시 덕양구 은빛로77번길",69,2,"4128112300108840013013294","","경기도 고양시 덕양구 은빛로77번길 69-2","412826","10478","","","",126.835692595505,37.6400007547677
"MA010120220805434094","중앙부동산공인중개사사무소","","L1","부동산","L102","부동산 서비스","L10203","부동산 중개/대리업","L68221","부동산 중개 및 대리업","41","경기도","41610","광주시","41610610","능평동","4161011600","능평동","4161011600103540000","1","대지",354,,"경기도 광주시 능평동 354","416104433120","경기도 광주시 대명대길",15,,"4161025023103540000000001","","경기도 광주시 대명대길 15","464921","12772","","1","",127.167296304542,37.3570259057781
"MA010120220805433524","남영철물건재","","G2","소매","G210","철물·건설자재 소매","G21001","철물/공구 소매업","G47511","철물 및 난방용구 소매업","41","경기도","41150","의정부시","41150567","신곡1동","4115010400","신곡동","4115010400103970004","1","대지",397,4,"경기도 의정부시 신곡동 397-4","411504343103","경기도 의정부시 동일로522번길",62,,"4115010400103970004018757","","경기도 의정부시 동일로522번길 62","480830","11735","","1","",127.061928677762,37.7348315891849
"MA010120220805433963","럭셔리노래연습장","","R1","예술·스포츠","R104","유원지·오락","R10407","노래방","R91223","노래 연습장 운영업","41","경기도","41271","안산시 상록구","41271515","이동","4127110200","이동","4127110200107150003","1","대지",715,3,"경기도 안산시 상록구 이동 715-3","412713190010","경기도 안산시 상록구 광덕1로",375,,"4127110200107150003043097","강우프라자","경기도 안산시 상록구 광덕1로 375","426863","15494","","","",126.850967512134,37.3083586331087
"MA010120220805433791","면부심","","I2","음식","I204","서양식","I20401","경양식","I56123","서양식 음식점업","41","경기도","41220","평택시","41220630","비전2동","4122012400","용이동","4122012400106440000","1","대지",644,,"경기도 평택시 용이동 644","412203351419","경기도 평택시 용죽1로",33,,"4122012400106440000000001","비전지웰푸르지오","경기도 평택시 용죽1로 33","450152","17870","","1","",127.123723021166,36.9973215744918
"MA010120220805433839","이집고기","","I2","음식","I201","한식","I20101","백반/한정식","I56111","한식 일반 음식점업","41","경기도","41220","평택시","41220250","팽성읍","4122025042","팽성읍","4122025042100010006","1","대지",1,6,"경기도 평택시 팽성읍 동창리 1-6","412204364840","경기도 평택시 팽성읍 팽성대교길",111,,"4122025042100010006000001","","경기도 평택시 팽성읍 팽성대교길 111","451802","17973","","1","",127.040503128532,36.971725688136
"MA010120220805434039","엄마손맛식당","","G2","소매","G205","식료품 소매","G20509","반찬/식료품 소매업","G47218","조리 반찬류 소매업","41","경기도","41610","광주시","41610520","송정동","4161010300","송정동","4161010300101290011","1","대지",129,11,"경기도 광주시 송정동 129-11","416103211032","경기도 광주시 송정로",15,,"4161010300101290011259130","","경기도 광주시 송정로 15","464902","12739","","1","",127.257050086584,37.4187173005135
"MA010120220805433460","엘에이당구클럽","","R1","예술·스포츠","R103","스포츠 서비스","R10310","당구장","R91135","당구장 운영업","41","경기도","41117","수원시 영통구","41117570","영통1동","4111710500","영통동","4111710500109450007","1","대지",945,7,"경기도 수원시 영통구 영통동 945-7","411173177007","경기도 수원시 영통구 봉영로",1761,,"4111710500109450007001356","","경기도 수원시 영통구 봉영로 1761","443809","16712","","3","",127.081651108275,37.2662923290592
"MA010120220805433903","인생아구찜파주","","I2","음식","I203","일식","I20301","일식 회/초밥","I56122","일식 음식점업","41","경기도","41480","파주시","41480510","금촌1동","4148010100","금촌동","4148010100101040001","1","대지",104,1,"경기도 파주시 금촌동 104-1","414803201001","경기도 파주시 가나무로",115,,"4148010100101040002030457","조인투프라자","경기도 파주시 가나무로 115","413011","10922","","","",126.778161111831,37.754378325734
"MA010120220805433725","심플리안","","S2","수리·개인","S207","이용·미용","S20701","미용실","S96112","두발 미용업","41","경기도","41630","양주시","41630540","회천2동","4163011600","덕계동","4163011600106340001","1","대지",634,1,"경기도 양주시 덕계동 634-1","416304436376","경기도 양주시 평화로1429번길",97,,"4163011600106340001018832","","경기도 양주시 평화로1429번길 97","482050","11441","","2","",127.04320645962,37.8222236606485
"MA010120220805433911","일승푸드","","G2","소매","G205","식료품 소매","G20503","정육점","G47212","육류 소매업","41","경기도","41463","용인시 기흥구","41463535","보라동","4146310600","지곡동","4146310600103590003","1","대지",359,3,"경기도 용인시 기흥구 지곡동 359-3","414633204057","경기도 용인시 기흥구 지삼로",116,,"4146310600103590003226242","","경기도 용인시 기흥구 지삼로 116","446904","17088","","","",127.130592517486,37.246810656943
"MA010120220805434250","리썸노래타운","","I2","음식","I211","주점","I21101","일반 유흥 주점","I56211","일반 유흥 주점업","41","경기도","41115","수원시 팔달구","41115730","인계동","4111514100","인계동","4111514100110380011","1","대지",1038,11,"경기도 수원시 팔달구 인계동 1038-11","411154328230","경기도 수원시 팔달구 인계로138번길",45,,"4111514100110380011052657","","경기도 수원시 팔달구 인계로138번길 45","442834","16489","","4","",127.032161389886,37.2649789808466
"MA010120220805433473","이끌림두부","","G2","소매","G205","식료품 소매","G20509","반찬/식료품 소매업","G47219","기타 식료품 소매업","41","경기도","41450","하남시","41450570","풍산동","4145011000","풍산동","4145011000104930000","1","대지",493,,"경기도 하남시 풍산동 493","414502000007","경기도 하남시 조정대로",45,,"4145011000200400001000001","미사센텀비즈","경기도 하남시 조정대로 45","465170","12918","","3","",127.184454047066,37.5506776641289